one,two,three
92.01947391,38.34892636,18.10911426
52.26019645,71.66322508,82.16414131
88.6317228,85.82939565,81.79132038
8.747404749,79.65653001,65.95318124
82.39596833,93.14474069,28.88054782
97.84878115,17.37338869,16.78788889
6.111198652,80.19297764,81.37442522
28.55181041,87.43407652,58.75857555
47.41307521,54.03480957,21.59183284
35.69004171,71.49588918,62.12776848
9.746351786,87.32055636,14.74993934
31.37692388,35.73249985,17.96549199